provinceName,cityName,currentConfirmedCount,confirmedCount,suspectedCount,curedCount,deadCount,locationId,UpdateTime
北京市,丰台区,270.0,273.0,0.0,3.0,0.0,110106.0,2020-07-10 00:23:07.127589
北京市,大兴区,88.0,104.0,0.0,16.0,0.0,110115.0,2020-07-10 00:23:07.127589
北京市,海淀区,82.0,82.0,0.0,0.0,0.0,110108.0,2020-07-10 00:23:07.127589
北京市,朝阳区,77.0,77.0,0.0,0.0,0.0,110105.0,2020-07-10 00:23:07.127589
北京市,西城区,59.0,59.0,0.0,0.0,0.0,110102.0,2020-07-10 00:23:07.127589
北京市,外地来京,23.0,25.0,0.0,2.0,0.0,0.0,2020-07-10 00:23:07.127589
北京市,昌平区,20.0,30.0,0.0,10.0,0.0,110114.0,2020-07-10 00:23:07.127589
北京市,通州区,19.0,20.0,0.0,1.0,0.0,110112.0,2020-07-10 00:23:07.127589
北京市,东城区,18.0,19.0,0.0,1.0,0.0,110101.0,2020-07-10 00:23:07.127589
北京市,房山区,17.0,20.0,0.0,3.0,0.0,110111.0,2020-07-10 00:23:07.127589
北京市,怀柔区,7.0,7.0,0.0,0.0,0.0,110116.0,2020-07-10 00:23:07.127589
北京市,密云区,7.0,7.0,0.0,0.0,0.0,110118.0,2020-07-10 00:23:07.127589
北京市,石景山区,6.0,15.0,0.0,9.0,0.0,110107.0,2020-07-10 00:23:07.127589
北京市,门头沟区,3.0,5.0,0.0,2.0,0.0,110109.0,2020-07-10 00:23:07.127589
北京市,延庆区,1.0,1.0,0.0,0.0,0.0,110119.0,2020-07-10 00:23:07.127589
北京市,境外输入,0.0,174.0,3.0,174.0,0.0,0.0,2020-07-10 00:23:07.127589
北京市,顺义区,0.0,10.0,0.0,10.0,0.0,110113.0,2020-07-10 00:23:07.127589
北京市,待明确地区,-422.0,1.0,0.0,414.0,9.0,0.0,2020-07-10 00:23:07.127589
上海市,境外输入,24.0,379.0,4.0,355.0,0.0,0.0,2020-07-10 00:23:07.127589
上海市,境外来沪,1.0,1.0,0.0,0.0,0.0,0.0,2020-07-10 00:23:07.127589
上海市,外地来沪,0.0,113.0,0.0,112.0,1.0,0.0,2020-07-10 00:23:07.127589
上海市,浦东新区,0.0,61.0,0.0,60.0,1.0,310115.0,2020-07-10 00:23:07.127589
上海市,宝山区,0.0,22.0,0.0,21.0,1.0,310113.0,2020-07-10 00:23:07.127589
上海市,闵行区,0.0,19.0,0.0,19.0,0.0,310112.0,2020-07-10 00:23:07.127589
上海市,徐汇区,0.0,18.0,0.0,17.0,1.0,310104.0,2020-07-10 00:23:07.127589
上海市,静安区,0.0,16.0,0.0,15.0,1.0,310106.0,2020-07-10 00:23:07.127589
上海市,松江区,0.0,14.0,0.0,14.0,0.0,310117.0,2020-07-10 00:23:07.127589
上海市,长宁区,0.0,13.0,0.0,13.0,0.0,310105.0,2020-07-10 00:23:07.127589
上海市,普陀区,0.0,11.0,0.0,11.0,0.0,310107.0,2020-07-10 00:23:07.127589
上海市,杨浦区,0.0,9.0,0.0,9.0,0.0,310110.0,2020-07-10 00:23:07.127589
上海市,嘉定区,0.0,9.0,0.0,7.0,2.0,310114.0,2020-07-10 00:23:07.127589
上海市,奉贤区,0.0,9.0,0.0,9.0,0.0,310120.0,2020-07-10 00:23:07.127589
上海市,虹口区,0.0,7.0,0.0,7.0,0.0,310109.0,2020-07-10 00:23:07.127589
上海市,黄浦区,0.0,6.0,0.0,6.0,0.0,310101.0,2020-07-10 00:23:07.127589
上海市,青浦区,0.0,6.0,0.0,6.0,0.0,310118.0,2020-07-10 00:23:07.127589
上海市,金山区,0.0,4.0,0.0,4.0,0.0,310116.0,2020-07-10 00:23:07.127589
上海市,崇明区,0.0,4.0,0.0,4.0,0.0,310151.0,2020-07-10 00:23:07.127589
四川省,成都,12.0,202.0,13.0,187.0,3.0,510100.0,2020-07-10 00:23:07.127589
四川省,雅安,1.0,8.0,0.0,7.0,0.0,511800.0,2020-07-10 00:23:07.127589
四川省,境外输入,1.0,1.0,0.0,0.0,0.0,0.0,2020-07-10 00:23:07.127589
四川省,甘孜州,0.0,78.0,0.0,78.0,0.0,513300.0,2020-07-10 00:23:07.127589
四川省,达州,0.0,42.0,0.0,42.0,0.0,511700.0,2020-07-10 00:23:07.127589
四川省,南充,0.0,39.0,0.0,39.0,0.0,511300.0,2020-07-10 00:23:07.127589
四川省,广安,0.0,30.0,0.0,30.0,0.0,511600.0,2020-07-10 00:23:07.127589
四川省,泸州,0.0,24.0,0.0,24.0,0.0,510500.0,2020-07-10 00:23:07.127589
四川省,巴中,0.0,24.0,0.0,24.0,0.0,511900.0,2020-07-10 00:23:07.127589
四川省,绵阳,0.0,22.0,0.0,22.0,0.0,510700.0,2020-07-10 00:23:07.127589
四川省,内江,0.0,22.0,0.0,22.0,0.0,511000.0,2020-07-10 00:23:07.127589
四川省,德阳,0.0,18.0,0.0,18.0,0.0,510600.0,2020-07-10 00:23:07.127589
四川省,遂宁,0.0,17.0,0.0,17.0,0.0,510900.0,2020-07-10 00:23:07.127589
四川省,攀枝花,0.0,16.0,0.0,16.0,0.0,510400.0,2020-07-10 00:23:07.127589
四川省,凉山州,0.0,13.0,0.0,13.0,0.0,513400.0,2020-07-10 00:23:07.127589
四川省,宜宾,0.0,12.0,0.0,12.0,0.0,511500.0,2020-07-10 00:23:07.127589
四川省,自贡,0.0,9.0,0.0,9.0,0.0,510300.0,2020-07-10 00:23:07.127589
四川省,眉山,0.0,8.0,0.0,8.0,0.0,511400.0,2020-07-10 00:23:07.127589
四川省,广元,0.0,6.0,0.0,6.0,0.0,510800.0,2020-07-10 00:23:07.127589
四川省,资阳,0.0,4.0,0.0,4.0,0.0,512000.0,2020-07-10 00:23:07.127589
四川省,乐山,0.0,3.0,0.0,3.0,0.0,511100.0,2020-07-10 00:23:07.127589
四川省,阿坝州,0.0,1.0,0.0,1.0,0.0,513200.0,2020-07-10 00:23:07.127589
辽宁省,境外输入,9.0,31.0,0.0,22.0,0.0,0.0,2020-07-10 00:23:07.127589
辽宁省,沈阳,1.0,34.0,0.0,33.0,0.0,210100.0,2020-07-10 00:23:07.127589
辽宁省,大连,0.0,18.0,0.0,18.0,0.0,210200.0,2020-07-10 00:23:07.127589
辽宁省,锦州,0.0,12.0,0.0,12.0,0.0,210700.0,2020-07-10 00:23:07.127589
辽宁省,葫芦岛,0.0,12.0,0.0,11.0,1.0,211400.0,2020-07-10 00:23:07.127589
辽宁省,丹东,0.0,11.0,0.0,11.0,0.0,210600.0,2020-07-10 00:23:07.127589
辽宁省,盘锦,0.0,11.0,0.0,11.0,0.0,211100.0,2020-07-10 00:23:07.127589
辽宁省,阜新,0.0,8.0,0.0,8.0,0.0,210900.0,2020-07-10 00:23:07.127589
辽宁省,铁岭,0.0,7.0,0.0,7.0,0.0,211200.0,2020-07-10 00:23:07.127589
辽宁省,朝阳,0.0,6.0,0.0,5.0,1.0,211300.0,2020-07-10 00:23:07.127589
辽宁省,鞍山,0.0,4.0,0.0,4.0,0.0,210300.0,2020-07-10 00:23:07.127589
辽宁省,本溪,0.0,3.0,0.0,3.0,0.0,210500.0,2020-07-10 00:23:07.127589
辽宁省,辽阳,0.0,3.0,0.0,3.0,0.0,211000.0,2020-07-10 00:23:07.127589
辽宁省,营口,0.0,1.0,0.0,1.0,0.0,210800.0,2020-07-10 00:23:07.127589
辽宁省,抚顺,0.0,1.0,0.0,1.0,0.0,210400.0,2020-07-10 00:23:07.127589
广东省,广州,8.0,563.0,6.0,554.0,1.0,440100.0,2020-07-10 00:23:07.127589
广东省,深圳,0.0,462.0,1.0,459.0,3.0,440300.0,2020-07-10 00:23:07.127589
广东省,珠海,0.0,103.0,1.0,102.0,1.0,440400.0,2020-07-10 00:23:07.127589
广东省,东莞,0.0,100.0,0.0,99.0,1.0,441900.0,2020-07-10 00:23:07.127589
广东省,佛山,0.0,100.0,1.0,100.0,0.0,440600.0,2020-07-10 00:23:07.127589
广东省,中山,0.0,69.0,0.0,69.0,0.0,442000.0,2020-07-10 00:23:07.127589
广东省,惠州,0.0,62.0,0.0,62.0,0.0,441300.0,2020-07-10 00:23:07.127589
广东省,汕头,0.0,26.0,0.0,26.0,0.0,440500.0,2020-07-10 00:23:07.127589
广东省,江门,0.0,24.0,0.0,24.0,0.0,440700.0,2020-07-10 00:23:07.127589
广东省,湛江,0.0,24.0,2.0,24.0,0.0,440800.0,2020-07-10 00:23:07.127589
广东省,肇庆,0.0,20.0,0.0,19.0,1.0,441200.0,2020-07-10 00:23:07.127589
广东省,梅州,0.0,17.0,0.0,17.0,0.0,441400.0,2020-07-10 00:23:07.127589
广东省,阳江,0.0,14.0,0.0,14.0,0.0,441700.0,2020-07-10 00:23:07.127589
广东省,茂名,0.0,14.0,0.0,14.0,0.0,440900.0,2020-07-10 00:23:07.127589
广东省,清远,0.0,12.0,0.0,12.0,0.0,441800.0,2020-07-10 00:23:07.127589
广东省,揭阳,0.0,11.0,0.0,11.0,0.0,445200.0,2020-07-10 00:23:07.127589
广东省,韶关,0.0,10.0,0.0,9.0,1.0,440200.0,2020-07-10 00:23:07.127589
广东省,潮州,0.0,6.0,0.0,6.0,0.0,445100.0,2020-07-10 00:23:07.127589
广东省,汕尾,0.0,5.0,0.0,5.0,0.0,441500.0,2020-07-10 00:23:07.127589
广东省,河源,0.0,5.0,0.0,5.0,0.0,441600.0,2020-07-10 00:23:07.127589
内蒙古自治区,境外输入人员,6.0,167.0,34.0,161.0,0.0,0.0,2020-07-10 00:23:07.127589
内蒙古自治区,鄂尔多斯,0.0,11.0,0.0,11.0,0.0,150600.0,2020-07-10 00:23:07.127589
内蒙古自治区,包头,0.0,11.0,0.0,11.0,0.0,150200.0,2020-07-10 00:23:07.127589
内蒙古自治区,赤峰,0.0,9.0,0.0,9.0,0.0,150400.0,2020-07-10 00:23:07.127589
内蒙古自治区,锡林郭勒盟,0.0,9.0,0.0,9.0,0.0,152500.0,2020-07-10 00:23:07.127589
内蒙古自治区,呼伦贝尔,0.0,9.0,0.0,9.0,0.0,150700.0,2020-07-10 00:23:07.127589
内蒙古自治区,巴彦淖尔,0.0,8.0,0.0,7.0,1.0,150800.0,2020-07-10 00:23:07.127589
内蒙古自治区,呼和浩特,0.0,7.0,0.0,7.0,0.0,150100.0,2020-07-10 00:23:07.127589
内蒙古自治区,通辽,0.0,7.0,0.0,7.0,0.0,150500.0,2020-07-10 00:23:07.127589
内蒙古自治区,乌兰察布,0.0,3.0,0.0,3.0,0.0,150900.0,2020-07-10 00:23:07.127589
内蒙古自治区,乌海市,0.0,2.0,0.0,2.0,0.0,150300.0,2020-07-10 00:23:07.127589
内蒙古自治区,兴安盟,0.0,1.0,0.0,1.0,0.0,152200.0,2020-07-10 00:23:07.127589
河北省,保定,4.0,48.0,0.0,44.0,0.0,130600.0,2020-07-10 00:23:07.127589
河北省,张家口,2.0,43.0,0.0,41.0,0.0,130700.0,2020-07-10 00:23:07.127589
河北省,廊坊,2.0,32.0,0.0,30.0,0.0,131000.0,2020-07-10 00:23:07.127589
河北省,沧州,1.0,49.0,0.0,45.0,3.0,130900.0,2020-07-10 00:23:07.127589
河北省,唐山,0.0,58.0,0.0,57.0,1.0,130200.0,2020-07-10 00:23:07.127589
河北省,邯郸,0.0,32.0,0.0,32.0,0.0,130400.0,2020-07-10 00:23:07.127589
河北省,石家庄,0.0,29.0,0.0,29.0,0.0,130100.0,2020-07-10 00:23:07.127589
河北省,邢台,0.0,23.0,0.0,22.0,1.0,130500.0,2020-07-10 00:23:07.127589
河北省,秦皇岛,0.0,10.0,0.0,9.0,1.0,130300.0,2020-07-10 00:23:07.127589
河北省,境外输入,0.0,10.0,0.0,10.0,0.0,0.0,2020-07-10 00:23:07.127589
河北省,衡水,0.0,8.0,0.0,8.0,0.0,131100.0,2020-07-10 00:23:07.127589
河北省,承德,0.0,7.0,0.0,7.0,0.0,130800.0,2020-07-10 00:23:07.127589
河北省,待明确,-5.0,0.0,0.0,5.0,0.0,0.0,2020-07-10 00:23:07.127589
陕西省,境外输入,4.0,76.0,0.0,72.0,0.0,0.0,2020-07-10 00:23:07.127589
陕西省,西安,0.0,120.0,0.0,117.0,3.0,610100.0,2020-07-10 00:23:07.127589
陕西省,安康,0.0,26.0,0.0,26.0,0.0,610900.0,2020-07-10 00:23:07.127589
陕西省,汉中,0.0,26.0,0.0,26.0,0.0,610700.0,2020-07-10 00:23:07.127589
陕西省,咸阳,0.0,17.0,0.0,17.0,0.0,610400.0,2020-07-10 00:23:07.127589
陕西省,渭南,0.0,15.0,0.0,15.0,0.0,610500.0,2020-07-10 00:23:07.127589
陕西省,宝鸡,0.0,13.0,0.0,13.0,0.0,610300.0,2020-07-10 00:23:07.127589
陕西省,延安,0.0,8.0,0.0,8.0,0.0,610600.0,2020-07-10 00:23:07.127589
陕西省,铜川,0.0,8.0,0.0,8.0,0.0,610200.0,2020-07-10 00:23:07.127589
陕西省,商洛,0.0,7.0,0.0,7.0,0.0,611000.0,2020-07-10 00:23:07.127589
陕西省,榆林,0.0,3.0,0.0,3.0,0.0,610800.0,2020-07-10 00:23:07.127589
陕西省,韩城,0.0,1.0,0.0,1.0,0.0,610581.0,2020-07-10 00:23:07.127589
陕西省,杨凌,0.0,1.0,0.0,1.0,0.0,0.0,2020-07-10 00:23:07.127589
甘肃省,境外输入,3.0,75.0,0.0,72.0,0.0,0.0,2020-07-10 00:23:07.127589
甘肃省,兰州,0.0,36.0,0.0,34.0,2.0,620100.0,2020-07-10 00:23:07.127589
甘肃省,天水,0.0,12.0,0.0,12.0,0.0,620500.0,2020-07-10 00:23:07.127589
甘肃省,平凉,0.0,9.0,0.0,9.0,0.0,620800.0,2020-07-10 00:23:07.127589
甘肃省,定西,0.0,9.0,0.0,9.0,0.0,621100.0,2020-07-10 00:23:07.127589
甘肃省,甘南,0.0,8.0,0.0,8.0,0.0,623000.0,2020-07-10 00:23:07.127589
甘肃省,白银,0.0,4.0,0.0,4.0,0.0,620400.0,2020-07-10 00:23:07.127589
甘肃省,陇南,0.0,4.0,0.0,4.0,0.0,621200.0,2020-07-10 00:23:07.127589
甘肃省,庆阳,0.0,3.0,0.0,3.0,0.0,621000.0,2020-07-10 00:23:07.127589
甘肃省,临夏,0.0,3.0,0.0,3.0,0.0,622900.0,2020-07-10 00:23:07.127589
甘肃省,张掖,0.0,2.0,0.0,2.0,0.0,620700.0,2020-07-10 00:23:07.127589
甘肃省,金昌,0.0,1.0,0.0,1.0,0.0,620300.0,2020-07-10 00:23:07.127589
甘肃省,省级（湖北输入）,0.0,1.0,0.0,1.0,0.0,0.0,2020-07-10 00:23:07.127589
福建省,境外输入人员,2.0,67.0,1.0,65.0,0.0,0.0,2020-07-10 00:23:07.127589
福建省,福州,0.0,72.0,0.0,71.0,1.0,350100.0,2020-07-10 00:23:07.127589
福建省,莆田,0.0,56.0,0.0,56.0,0.0,350300.0,2020-07-10 00:23:07.127589
福建省,泉州,0.0,47.0,0.0,47.0,0.0,350500.0,2020-07-10 00:23:07.127589
福建省,厦门,0.0,35.0,0.0,35.0,0.0,350200.0,2020-07-10 00:23:07.127589
福建省,宁德,0.0,26.0,0.0,26.0,0.0,350900.0,2020-07-10 00:23:07.127589
福建省,漳州,0.0,20.0,0.0,20.0,0.0,350600.0,2020-07-10 00:23:07.127589
福建省,南平,0.0,20.0,0.0,20.0,0.0,350700.0,2020-07-10 00:23:07.127589
福建省,三明,0.0,14.0,0.0,14.0,0.0,350400.0,2020-07-10 00:23:07.127589
福建省,龙岩,0.0,6.0,0.0,6.0,0.0,350800.0,2020-07-10 00:23:07.127589
云南省,境外输入,2.0,13.0,0.0,11.0,0.0,0.0,2020-07-10 00:23:07.127589
云南省,昆明,0.0,53.0,0.0,53.0,0.0,530100.0,2020-07-10 00:23:07.127589
云南省,昭通,0.0,25.0,0.0,25.0,0.0,530600.0,2020-07-10 00:23:07.127589
云南省,西双版纳,0.0,15.0,0.0,14.0,1.0,532800.0,2020-07-10 00:23:07.127589
云南省,玉溪,0.0,14.0,0.0,13.0,1.0,530400.0,2020-07-10 00:23:07.127589
云南省,曲靖,0.0,13.0,0.0,13.0,0.0,530300.0,2020-07-10 00:23:07.127589
云南省,大理州,0.0,13.0,0.0,13.0,0.0,0.0,2020-07-10 00:23:07.127589
云南省,红河州,0.0,9.0,0.0,9.0,0.0,0.0,2020-07-10 00:23:07.127589
云南省,保山,0.0,9.0,0.0,9.0,0.0,530500.0,2020-07-10 00:23:07.127589
云南省,丽江,0.0,7.0,0.0,7.0,0.0,530700.0,2020-07-10 00:23:07.127589
云南省,德宏州,0.0,5.0,0.0,5.0,0.0,0.0,2020-07-10 00:23:07.127589
云南省,普洱,0.0,4.0,0.0,4.0,0.0,530800.0,2020-07-10 00:23:07.127589
云南省,楚雄州,0.0,4.0,0.0,4.0,0.0,0.0,2020-07-10 00:23:07.127589
云南省,文山州,0.0,2.0,0.0,2.0,0.0,0.0,2020-07-10 00:23:07.127589
云南省,临沧,0.0,1.0,0.0,1.0,0.0,530900.0,2020-07-10 00:23:07.127589
浙江省,台州,1.0,147.0,0.0,146.0,0.0,331000.0,2020-07-10 00:23:07.127589
浙江省,温州,0.0,504.0,0.0,503.0,1.0,330300.0,2020-07-10 00:23:07.127589
浙江省,杭州,0.0,181.0,0.0,181.0,0.0,330100.0,2020-07-10 00:23:07.127589
浙江省,宁波,0.0,157.0,0.0,157.0,0.0,330200.0,2020-07-10 00:23:07.127589
浙江省,金华,0.0,55.0,0.0,55.0,0.0,330700.0,2020-07-10 00:23:07.127589
浙江省,境外输入,0.0,50.0,2.0,50.0,0.0,0.0,2020-07-10 00:23:07.127589
浙江省,嘉兴,0.0,46.0,0.0,46.0,0.0,330400.0,2020-07-10 00:23:07.127589
浙江省,绍兴,0.0,42.0,0.0,42.0,0.0,330600.0,2020-07-10 00:23:07.127589
浙江省,省十里丰监狱,0.0,36.0,0.0,36.0,0.0,0.0,2020-07-10 00:23:07.127589
浙江省,丽水,0.0,17.0,0.0,17.0,0.0,331100.0,2020-07-10 00:23:07.127589
浙江省,衢州,0.0,14.0,0.0,14.0,0.0,330800.0,2020-07-10 00:23:07.127589
浙江省,湖州,0.0,10.0,0.0,10.0,0.0,330500.0,2020-07-10 00:23:07.127589
浙江省,舟山,0.0,10.0,0.0,10.0,0.0,330900.0,2020-07-10 00:23:07.127589
重庆市,境外输入,1.0,6.0,0.0,5.0,0.0,0.0,2020-07-10 00:23:07.127589
重庆市,万州区,0.0,118.0,0.0,114.0,4.0,500101.0,2020-07-10 00:23:07.127589
重庆市,江北区,0.0,28.0,0.0,28.0,0.0,500105.0,2020-07-10 00:23:07.127589
重庆市,云阳县,0.0,25.0,0.0,25.0,0.0,500235.0,2020-07-10 00:23:07.127589
重庆市,合川区,0.0,23.0,0.0,23.0,0.0,500117.0,2020-07-10 00:23:07.127589
重庆市,綦江区,0.0,23.0,0.0,23.0,0.0,500110.0,2020-07-10 00:23:07.127589
重庆市,长寿区,0.0,22.0,0.0,22.0,0.0,500115.0,2020-07-10 00:23:07.127589
重庆市,奉节县,0.0,22.0,0.0,22.0,0.0,500236.0,2020-07-10 00:23:07.127589
重庆市,九龙坡区,0.0,21.0,0.0,20.0,1.0,500107.0,2020-07-10 00:23:07.127589
重庆市,开州区,0.0,21.0,0.0,20.0,1.0,500154.0,2020-07-10 00:23:07.127589
重庆市,忠县,0.0,21.0,0.0,21.0,0.0,500233.0,2020-07-10 00:23:07.127589
重庆市,渝中区,0.0,20.0,0.0,20.0,0.0,500103.0,2020-07-10 00:23:07.127589
重庆市,垫江县,0.0,20.0,0.0,20.0,0.0,500231.0,2020-07-10 00:23:07.127589
重庆市,潼南区,0.0,18.0,0.0,18.0,0.0,500152.0,2020-07-10 00:23:07.127589
重庆市,渝北区,0.0,17.0,0.0,17.0,0.0,500112.0,2020-07-10 00:23:07.127589
重庆市,两江新区,0.0,17.0,0.0,17.0,0.0,-1.0,2020-07-10 00:23:07.127589
重庆市,南岸区,0.0,15.0,0.0,15.0,0.0,500108.0,2020-07-10 00:23:07.127589
重庆市,石柱县,0.0,15.0,0.0,15.0,0.0,500240.0,2020-07-10 00:23:07.127589
重庆市,大足区,0.0,14.0,0.0,14.0,0.0,500111.0,2020-07-10 00:23:07.127589
重庆市,巫溪县,0.0,14.0,0.0,14.0,0.0,500238.0,2020-07-10 00:23:07.127589
重庆市,铜梁区,0.0,10.0,0.0,10.0,0.0,500151.0,2020-07-10 00:23:07.127589
重庆市,丰都县,0.0,10.0,0.0,10.0,0.0,500230.0,2020-07-10 00:23:07.127589
重庆市,巫山县,0.0,10.0,0.0,10.0,0.0,500237.0,2020-07-10 00:23:07.127589
重庆市,沙坪坝区,0.0,9.0,0.0,9.0,0.0,500106.0,2020-07-10 00:23:07.127589
重庆市,璧山区,0.0,9.0,0.0,9.0,0.0,500120.0,2020-07-10 00:23:07.127589
重庆市,荣昌区,0.0,9.0,0.0,9.0,0.0,500153.0,2020-07-10 00:23:07.127589
重庆市,大渡口区,0.0,7.0,0.0,7.0,0.0,500104.0,2020-07-10 00:23:07.127589
重庆市,巴南区,0.0,6.0,0.0,6.0,0.0,500113.0,2020-07-10 00:23:07.127589
重庆市,涪陵区,0.0,5.0,0.0,5.0,0.0,500102.0,2020-07-10 00:23:07.127589
重庆市,永川区,0.0,5.0,0.0,5.0,0.0,500118.0,2020-07-10 00:23:07.127589
重庆市,江津区,0.0,4.0,0.0,4.0,0.0,500116.0,2020-07-10 00:23:07.127589
重庆市,梁平区,0.0,4.0,0.0,4.0,0.0,500155.0,2020-07-10 00:23:07.127589
重庆市,高新区,0.0,4.0,0.0,4.0,0.0,0.0,2020-07-10 00:23:07.127589
重庆市,黔江区,0.0,2.0,0.0,2.0,0.0,500114.0,2020-07-10 00:23:07.127589
重庆市,城口县,0.0,2.0,0.0,2.0,0.0,500229.0,2020-07-10 00:23:07.127589
重庆市,彭水县,0.0,2.0,0.0,2.0,0.0,500243.0,2020-07-10 00:23:07.127589
重庆市,武隆区,0.0,1.0,0.0,1.0,0.0,500156.0,2020-07-10 00:23:07.127589
重庆市,秀山县,0.0,1.0,0.0,1.0,0.0,500241.0,2020-07-10 00:23:07.127589
重庆市,酉阳县,0.0,1.0,0.0,1.0,0.0,0.0,2020-07-10 00:23:07.127589
重庆市,万盛经开区,0.0,1.0,0.0,1.0,0.0,0.0,2020-07-10 00:23:07.127589
天津市,境外输入,1.0,62.0,0.0,61.0,0.0,0.0,2020-07-10 00:23:07.127589
天津市,宝坻区,0.0,60.0,0.0,58.0,2.0,120115.0,2020-07-10 00:23:07.127589
天津市,河东区,0.0,15.0,0.0,14.0,1.0,120102.0,2020-07-10 00:23:07.127589
天津市,河北区,0.0,12.0,0.0,12.0,0.0,120105.0,2020-07-10 00:23:07.127589
天津市,北辰区,0.0,7.0,0.0,7.0,0.0,120113.0,2020-07-10 00:23:07.127589
天津市,南开区,0.0,6.0,0.0,6.0,0.0,120104.0,2020-07-10 00:23:07.127589
天津市,和平区,0.0,6.0,0.0,6.0,0.0,120101.0,2020-07-10 00:23:07.127589
天津市,外地来津,0.0,6.0,0.0,6.0,0.0,-1.0,2020-07-10 00:23:07.127589
天津市,东丽区,0.0,4.0,0.0,4.0,0.0,120110.0,2020-07-10 00:23:07.127589
天津市,宁河区,0.0,4.0,0.0,4.0,0.0,120117.0,2020-07-10 00:23:07.127589
天津市,河西区,0.0,4.0,0.0,4.0,0.0,120103.0,2020-07-10 00:23:07.127589
天津市,西青区,0.0,4.0,0.0,4.0,0.0,120111.0,2020-07-10 00:23:07.127589
天津市,滨海新区,0.0,3.0,0.0,3.0,0.0,120116.0,2020-07-10 00:23:07.127589
天津市,武清区,0.0,2.0,0.0,2.0,0.0,120114.0,2020-07-10 00:23:07.127589
天津市,红桥区,0.0,2.0,0.0,2.0,0.0,120106.0,2020-07-10 00:23:07.127589
天津市,津南区,0.0,2.0,0.0,2.0,0.0,120112.0,2020-07-10 00:23:07.127589
山西省,境外输入,1.0,65.0,64.0,64.0,0.0,0.0,2020-07-10 00:23:07.127589
山西省,晋中,0.0,37.0,0.0,37.0,0.0,140700.0,2020-07-10 00:23:07.127589
山西省,太原,0.0,21.0,0.0,21.0,0.0,140100.0,2020-07-10 00:23:07.127589
山西省,运城,0.0,19.0,0.0,19.0,0.0,140800.0,2020-07-10 00:23:07.127589
山西省,大同,0.0,12.0,0.0,12.0,0.0,140200.0,2020-07-10 00:23:07.127589
山西省,晋城,0.0,10.0,0.0,10.0,0.0,140500.0,2020-07-10 00:23:07.127589
山西省,长治,0.0,8.0,0.0,8.0,0.0,140400.0,2020-07-10 00:23:07.127589
山西省,朔州,0.0,8.0,0.0,8.0,0.0,140600.0,2020-07-10 00:23:07.127589
山西省,忻州,0.0,7.0,0.0,7.0,0.0,140900.0,2020-07-10 00:23:07.127589
山西省,吕梁,0.0,6.0,0.0,6.0,0.0,141100.0,2020-07-10 00:23:07.127589
山西省,阳泉,0.0,4.0,0.0,4.0,0.0,140300.0,2020-07-10 00:23:07.127589
山西省,临汾,0.0,2.0,0.0,2.0,0.0,141000.0,2020-07-10 00:23:07.127589
湖北省,武汉,0.0,50340.0,0.0,46471.0,3869.0,420100.0,2020-07-10 00:23:07.127589
湖北省,孝感,0.0,3518.0,0.0,3389.0,129.0,420900.0,2020-07-10 00:23:07.127589
湖北省,黄冈,0.0,2907.0,0.0,2782.0,125.0,421100.0,2020-07-10 00:23:07.127589
湖北省,荆州,0.0,1580.0,0.0,1528.0,52.0,421000.0,2020-07-10 00:23:07.127589
湖北省,鄂州,0.0,1394.0,0.0,1335.0,59.0,420700.0,2020-07-10 00:23:07.127589
湖北省,随州,0.0,1307.0,0.0,1262.0,45.0,421300.0,2020-07-10 00:23:07.127589
湖北省,襄阳,0.0,1175.0,0.0,1135.0,40.0,420600.0,2020-07-10 00:23:07.127589
湖北省,黄石,0.0,1015.0,0.0,976.0,39.0,420200.0,2020-07-10 00:23:07.127589
湖北省,宜昌,0.0,931.0,0.0,894.0,37.0,420500.0,2020-07-10 00:23:07.127589
湖北省,荆门,0.0,928.0,0.0,887.0,41.0,420800.0,2020-07-10 00:23:07.127589
湖北省,咸宁,0.0,836.0,0.0,821.0,15.0,421200.0,2020-07-10 00:23:07.127589
湖北省,十堰,0.0,672.0,0.0,664.0,8.0,420300.0,2020-07-10 00:23:07.127589
湖北省,仙桃,0.0,575.0,0.0,553.0,22.0,429004.0,2020-07-10 00:23:07.127589
湖北省,天门,0.0,496.0,0.0,481.0,15.0,429006.0,2020-07-10 00:23:07.127589
湖北省,恩施州,0.0,252.0,0.0,245.0,7.0,422800.0,2020-07-10 00:23:07.127589
湖北省,潜江,0.0,198.0,0.0,189.0,9.0,429005.0,2020-07-10 00:23:07.127589
湖北省,神农架林区,0.0,11.0,0.0,11.0,0.0,429021.0,2020-07-10 00:23:07.127589
河南省,信阳,0.0,274.0,0.0,272.0,2.0,411500.0,2020-07-10 00:23:07.127589
河南省,郑州,0.0,157.0,0.0,152.0,5.0,410100.0,2020-07-10 00:23:07.127589
河南省,南阳,0.0,156.0,0.0,153.0,3.0,411300.0,2020-07-10 00:23:07.127589
河南省,驻马店,0.0,139.0,0.0,139.0,0.0,411700.0,2020-07-10 00:23:07.127589
河南省,商丘,0.0,91.0,0.0,88.0,3.0,411400.0,2020-07-10 00:23:07.127589
河南省,周口,0.0,76.0,0.0,75.0,1.0,411600.0,2020-07-10 00:23:07.127589
河南省,平顶山,0.0,58.0,0.0,57.0,1.0,410400.0,2020-07-10 00:23:07.127589
河南省,新乡,0.0,57.0,0.0,54.0,3.0,410700.0,2020-07-10 00:23:07.127589
河南省,安阳,0.0,53.0,0.0,53.0,0.0,410500.0,2020-07-10 00:23:07.127589
河南省,许昌,0.0,39.0,0.0,38.0,1.0,411000.0,2020-07-10 00:23:07.127589
河南省,漯河,0.0,36.0,0.0,36.0,0.0,411100.0,2020-07-10 00:23:07.127589
河南省,焦作,0.0,32.0,0.0,31.0,1.0,410800.0,2020-07-10 00:23:07.127589
河南省,洛阳,0.0,31.0,0.0,30.0,1.0,410300.0,2020-07-10 00:23:07.127589
河南省,开封,0.0,26.0,0.0,26.0,0.0,410200.0,2020-07-10 00:23:07.127589
河南省,鹤壁,0.0,19.0,0.0,19.0,0.0,410600.0,2020-07-10 00:23:07.127589
河南省,濮阳,0.0,17.0,0.0,17.0,0.0,410900.0,2020-07-10 00:23:07.127589
河南省,三门峡,0.0,7.0,0.0,6.0,1.0,411200.0,2020-07-10 00:23:07.127589
河南省,济源,0.0,5.0,0.0,5.0,0.0,419001.0,2020-07-10 00:23:07.127589
河南省,境外输入,0.0,3.0,0.0,3.0,0.0,0.0,2020-07-10 00:23:07.127589
湖南省,长沙,0.0,242.0,0.0,240.0,2.0,430100.0,2020-07-10 00:23:07.127589
湖南省,岳阳,0.0,156.0,0.0,155.0,1.0,430600.0,2020-07-10 00:23:07.127589
湖南省,邵阳,0.0,102.0,0.0,101.0,1.0,430500.0,2020-07-10 00:23:07.127589
湖南省,常德,0.0,82.0,0.0,82.0,0.0,430700.0,2020-07-10 00:23:07.127589
湖南省,株洲,0.0,80.0,0.0,80.0,0.0,430200.0,2020-07-10 00:23:07.127589
湖南省,娄底,0.0,76.0,0.0,76.0,0.0,431300.0,2020-07-10 00:23:07.127589
湖南省,益阳,0.0,60.0,0.0,60.0,0.0,430900.0,2020-07-10 00:23:07.127589
湖南省,衡阳,0.0,48.0,0.0,48.0,0.0,430400.0,2020-07-10 00:23:07.127589
湖南省,永州,0.0,44.0,0.0,44.0,0.0,431100.0,2020-07-10 00:23:07.127589
湖南省,怀化,0.0,40.0,0.0,40.0,0.0,431200.0,2020-07-10 00:23:07.127589
湖南省,郴州,0.0,39.0,0.0,39.0,0.0,431000.0,2020-07-10 00:23:07.127589
湖南省,湘潭,0.0,36.0,0.0,36.0,0.0,430300.0,2020-07-10 00:23:07.127589
湖南省,湘西自治州,0.0,8.0,0.0,8.0,0.0,433100.0,2020-07-10 00:23:07.127589
湖南省,张家界,0.0,5.0,0.0,5.0,0.0,430800.0,2020-07-10 00:23:07.127589
湖南省,境外输入,0.0,1.0,0.0,1.0,0.0,0.0,2020-07-10 00:23:07.127589
安徽省,合肥,0.0,174.0,0.0,173.0,1.0,340100.0,2020-07-10 00:23:07.127589
安徽省,蚌埠,0.0,160.0,0.0,155.0,5.0,340300.0,2020-07-10 00:23:07.127589
安徽省,阜阳,0.0,155.0,0.0,155.0,0.0,341200.0,2020-07-10 00:23:07.127589
安徽省,亳州,0.0,108.0,0.0,108.0,0.0,341600.0,2020-07-10 00:23:07.127589
安徽省,安庆,0.0,83.0,0.0,83.0,0.0,340800.0,2020-07-10 00:23:07.127589
安徽省,六安,0.0,69.0,0.0,69.0,0.0,341500.0,2020-07-10 00:23:07.127589
安徽省,宿州,0.0,41.0,0.0,41.0,0.0,341300.0,2020-07-10 00:23:07.127589
安徽省,马鞍山,0.0,38.0,0.0,38.0,0.0,340500.0,2020-07-10 00:23:07.127589
安徽省,芜湖,0.0,34.0,0.0,34.0,0.0,340200.0,2020-07-10 00:23:07.127589
安徽省,铜陵,0.0,29.0,0.0,29.0,0.0,340700.0,2020-07-10 00:23:07.127589
安徽省,淮北,0.0,28.0,0.0,28.0,0.0,340600.0,2020-07-10 00:23:07.127589
安徽省,淮南,0.0,27.0,0.0,27.0,0.0,340400.0,2020-07-10 00:23:07.127589
安徽省,池州,0.0,17.0,0.0,17.0,0.0,341700.0,2020-07-10 00:23:07.127589
安徽省,滁州,0.0,13.0,0.0,13.0,0.0,341100.0,2020-07-10 00:23:07.127589
安徽省,黄山,0.0,9.0,0.0,9.0,0.0,341000.0,2020-07-10 00:23:07.127589
安徽省,宣城,0.0,6.0,0.0,6.0,0.0,341800.0,2020-07-10 00:23:07.127589
黑龙江省,境外输入,0.0,386.0,386.0,386.0,0.0,0.0,2020-07-10 00:23:07.127589
黑龙江省,哈尔滨,0.0,264.0,8.0,260.0,4.0,230100.0,2020-07-10 00:23:07.127589
黑龙江省,双鸭山,0.0,52.0,0.0,49.0,3.0,230500.0,2020-07-10 00:23:07.127589
黑龙江省,绥化,0.0,47.0,0.0,43.0,4.0,231200.0,2020-07-10 00:23:07.127589
黑龙江省,鸡西,0.0,46.0,0.0,46.0,0.0,230300.0,2020-07-10 00:23:07.127589
黑龙江省,齐齐哈尔,0.0,43.0,0.0,42.0,1.0,230200.0,2020-07-10 00:23:07.127589
黑龙江省,大庆,0.0,27.0,0.0,26.0,1.0,230600.0,2020-07-10 00:23:07.127589
黑龙江省,牡丹江,0.0,25.0,0.0,25.0,0.0,231000.0,2020-07-10 00:23:07.127589
黑龙江省,七台河,0.0,17.0,0.0,17.0,0.0,230900.0,2020-07-10 00:23:07.127589
黑龙江省,佳木斯,0.0,15.0,0.0,15.0,0.0,230800.0,2020-07-10 00:23:07.127589
黑龙江省,黑河,0.0,14.0,0.0,14.0,0.0,231100.0,2020-07-10 00:23:07.127589
黑龙江省,鹤岗,0.0,5.0,0.0,5.0,0.0,230400.0,2020-07-10 00:23:07.127589
黑龙江省,大兴安岭,0.0,3.0,0.0,3.0,0.0,232700.0,2020-07-10 00:23:07.127589
黑龙江省,待明确,0.0,2.0,0.0,2.0,0.0,0.0,2020-07-10 00:23:07.127589
黑龙江省,伊春,0.0,1.0,0.0,1.0,0.0,230700.0,2020-07-10 00:23:07.127589
江西省,南昌,0.0,230.0,0.0,230.0,0.0,360100.0,2020-07-10 00:23:07.127589
江西省,新余,0.0,129.0,0.0,129.0,0.0,360500.0,2020-07-10 00:23:07.127589
江西省,上饶,0.0,123.0,0.0,123.0,0.0,361100.0,2020-07-10 00:23:07.127589
江西省,九江,0.0,116.0,0.0,116.0,0.0,360400.0,2020-07-10 00:23:07.127589
江西省,宜春,0.0,106.0,0.0,106.0,0.0,360900.0,2020-07-10 00:23:07.127589
江西省,赣州,0.0,74.0,0.0,73.0,1.0,360700.0,2020-07-10 00:23:07.127589
江西省,抚州,0.0,72.0,0.0,72.0,0.0,361000.0,2020-07-10 00:23:07.127589
江西省,萍乡,0.0,33.0,0.0,33.0,0.0,360300.0,2020-07-10 00:23:07.127589
江西省,吉安,0.0,22.0,0.0,22.0,0.0,360800.0,2020-07-10 00:23:07.127589
江西省,鹰潭,0.0,18.0,0.0,18.0,0.0,360600.0,2020-07-10 00:23:07.127589
江西省,景德镇,0.0,6.0,0.0,6.0,0.0,360200.0,2020-07-10 00:23:07.127589
江西省,境外输入,0.0,2.0,0.0,2.0,0.0,0.0,2020-07-10 00:23:07.127589
江西省,赣江新区,0.0,1.0,0.0,1.0,0.0,0.0,2020-07-10 00:23:07.127589
山东省,济宁,0.0,260.0,0.0,260.0,0.0,370800.0,2020-07-10 00:23:07.127589
山东省,青岛,0.0,65.0,0.0,64.0,1.0,370200.0,2020-07-10 00:23:07.127589
山东省,临沂,0.0,49.0,0.0,49.0,0.0,371300.0,2020-07-10 00:23:07.127589
山东省,济南,0.0,47.0,0.0,47.0,0.0,370100.0,2020-07-10 00:23:07.127589
山东省,烟台,0.0,47.0,0.0,47.0,0.0,370600.0,2020-07-10 00:23:07.127589
山东省,潍坊,0.0,44.0,0.0,44.0,0.0,370700.0,2020-07-10 00:23:07.127589
山东省,威海,0.0,38.0,0.0,37.0,1.0,371000.0,2020-07-10 00:23:07.127589
山东省,聊城,0.0,38.0,0.0,38.0,0.0,371500.0,2020-07-10 00:23:07.127589
山东省,德州,0.0,37.0,0.0,35.0,2.0,371400.0,2020-07-10 00:23:07.127589
山东省,泰安,0.0,35.0,0.0,33.0,2.0,370900.0,2020-07-10 00:23:07.127589
山东省,淄博,0.0,30.0,0.0,29.0,1.0,370300.0,2020-07-10 00:23:07.127589
山东省,境外输入,0.0,29.0,14.0,29.0,0.0,0.0,2020-07-10 00:23:07.127589
山东省,枣庄,0.0,24.0,0.0,24.0,0.0,370400.0,2020-07-10 00:23:07.127589
山东省,菏泽,0.0,18.0,0.0,18.0,0.0,371700.0,2020-07-10 00:23:07.127589
山东省,日照,0.0,16.0,0.0,16.0,0.0,371100.0,2020-07-10 00:23:07.127589
山东省,滨州,0.0,15.0,0.0,15.0,0.0,371600.0,2020-07-10 00:23:07.127589
江苏省,南京,0.0,93.0,0.0,93.0,0.0,320100.0,2020-07-10 00:23:07.127589
江苏省,苏州,0.0,87.0,0.0,87.0,0.0,320500.0,2020-07-10 00:23:07.127589
江苏省,徐州,0.0,79.0,0.0,79.0,0.0,320300.0,2020-07-10 00:23:07.127589
江苏省,淮安,0.0,66.0,0.0,66.0,0.0,320800.0,2020-07-10 00:23:07.127589
江苏省,无锡,0.0,55.0,0.0,55.0,0.0,320200.0,2020-07-10 00:23:07.127589
江苏省,常州,0.0,51.0,0.0,51.0,0.0,320400.0,2020-07-10 00:23:07.127589
江苏省,连云港,0.0,48.0,0.0,48.0,0.0,320700.0,2020-07-10 00:23:07.127589
江苏省,南通,0.0,40.0,0.0,40.0,0.0,320600.0,2020-07-10 00:23:07.127589
江苏省,泰州,0.0,37.0,0.0,37.0,0.0,321200.0,2020-07-10 00:23:07.127589
江苏省,盐城,0.0,27.0,0.0,27.0,0.0,320900.0,2020-07-10 00:23:07.127589
江苏省,扬州,0.0,23.0,0.0,23.0,0.0,321000.0,2020-07-10 00:23:07.127589
江苏省,境外输入,0.0,23.0,0.0,23.0,0.0,0.0,2020-07-10 00:23:07.127589
江苏省,宿迁,0.0,13.0,0.0,13.0,0.0,321300.0,2020-07-10 00:23:07.127589
江苏省,镇江,0.0,12.0,0.0,12.0,0.0,321100.0,2020-07-10 00:23:07.127589
广西壮族自治区,南宁,0.0,55.0,0.0,55.0,0.0,450100.0,2020-07-10 00:23:07.127589
广西壮族自治区,北海,0.0,44.0,0.0,43.0,1.0,450500.0,2020-07-10 00:23:07.127589
广西壮族自治区,桂林,0.0,32.0,0.0,32.0,0.0,450300.0,2020-07-10 00:23:07.127589
广西壮族自治区,河池,0.0,28.0,0.0,27.0,1.0,451200.0,2020-07-10 00:23:07.127589
广西壮族自治区,柳州,0.0,24.0,0.0,24.0,0.0,450200.0,2020-07-10 00:23:07.127589
广西壮族自治区,防城港,0.0,19.0,0.0,19.0,0.0,450600.0,2020-07-10 00:23:07.127589
广西壮族自治区,玉林,0.0,11.0,0.0,11.0,0.0,450900.0,2020-07-10 00:23:07.127589
广西壮族自治区,来宾,0.0,11.0,0.0,11.0,0.0,451300.0,2020-07-10 00:23:07.127589
广西壮族自治区,钦州,0.0,8.0,0.0,8.0,0.0,450700.0,2020-07-10 00:23:07.127589
广西壮族自治区,贵港,0.0,8.0,0.0,8.0,0.0,450800.0,2020-07-10 00:23:07.127589
广西壮族自治区,梧州,0.0,5.0,0.0,5.0,0.0,450400.0,2020-07-10 00:23:07.127589
广西壮族自治区,贺州,0.0,4.0,0.0,4.0,0.0,451100.0,2020-07-10 00:23:07.127589
广西壮族自治区,百色,0.0,3.0,0.0,3.0,0.0,451000.0,2020-07-10 00:23:07.127589
广西壮族自治区,境外输入,0.0,2.0,0.0,2.0,0.0,0.0,2020-07-10 00:23:07.127589
海南省,三亚,0.0,57.0,0.0,56.0,1.0,460200.0,2020-07-10 00:23:07.127589
海南省,海口,0.0,39.0,0.0,39.0,0.0,460100.0,2020-07-10 00:23:07.127589
海南省,儋州,0.0,15.0,0.0,14.0,1.0,460400.0,2020-07-10 00:23:07.127589
海南省,万宁,0.0,13.0,0.0,13.0,0.0,469006.0,2020-07-10 00:23:07.127589
海南省,澄迈,0.0,9.0,0.0,8.0,1.0,469023.0,2020-07-10 00:23:07.127589
海南省,昌江,0.0,7.0,0.0,7.0,0.0,469026.0,2020-07-10 00:23:07.127589
海南省,琼海,0.0,6.0,0.0,5.0,1.0,469002.0,2020-07-10 00:23:07.127589
海南省,临高,0.0,6.0,0.0,6.0,0.0,469024.0,2020-07-10 00:23:07.127589
海南省,陵水,0.0,4.0,0.0,4.0,0.0,469028.0,2020-07-10 00:23:07.127589
海南省,定安,0.0,3.0,0.0,2.0,1.0,469021.0,2020-07-10 00:23:07.127589
海南省,文昌,0.0,3.0,0.0,3.0,0.0,469005.0,2020-07-10 00:23:07.127589
海南省,东方,0.0,3.0,0.0,2.0,1.0,469007.0,2020-07-10 00:23:07.127589
海南省,保亭,0.0,3.0,0.0,3.0,0.0,469029.0,2020-07-10 00:23:07.127589
海南省,乐东,0.0,2.0,0.0,2.0,0.0,469027.0,2020-07-10 00:23:07.127589
海南省,琼中,0.0,1.0,0.0,1.0,0.0,469030.0,2020-07-10 00:23:07.127589
吉林省,吉林市,0.0,60.0,12.0,59.0,1.0,220200.0,2020-07-10 00:23:07.127589
吉林省,长春,0.0,49.0,1.0,49.0,0.0,220100.0,2020-07-10 00:23:07.127589
吉林省,四平市,0.0,15.0,0.0,14.0,1.0,220300.0,2020-07-10 00:23:07.127589
吉林省,辽源,0.0,7.0,0.0,7.0,0.0,220400.0,2020-07-10 00:23:07.127589
吉林省,延边,0.0,7.0,1.0,7.0,0.0,222400.0,2020-07-10 00:23:07.127589
吉林省,公主岭,0.0,6.0,0.0,6.0,0.0,220381.0,2020-07-10 00:23:07.127589
吉林省,通化,0.0,6.0,0.0,6.0,0.0,220500.0,2020-07-10 00:23:07.127589
吉林省,松原,0.0,2.0,0.0,2.0,0.0,220700.0,2020-07-10 00:23:07.127589
吉林省,梅河口,0.0,2.0,0.0,2.0,0.0,220581.0,2020-07-10 00:23:07.127589
吉林省,白城,0.0,1.0,0.0,1.0,0.0,220800.0,2020-07-10 00:23:07.127589
贵州省,贵阳,0.0,36.0,0.0,35.0,1.0,520100.0,2020-07-10 00:23:07.127589
贵州省,遵义,0.0,32.0,0.0,32.0,0.0,520300.0,2020-07-10 00:23:07.127589
贵州省,毕节,0.0,23.0,0.0,23.0,0.0,520500.0,2020-07-10 00:23:07.127589
贵州省,黔南州,0.0,17.0,0.0,17.0,0.0,522700.0,2020-07-10 00:23:07.127589
贵州省,六盘水,0.0,10.0,0.0,9.0,1.0,520200.0,2020-07-10 00:23:07.127589
贵州省,铜仁,0.0,10.0,0.0,10.0,0.0,520600.0,2020-07-10 00:23:07.127589
贵州省,黔东南州,0.0,10.0,0.0,10.0,0.0,522600.0,2020-07-10 00:23:07.127589
贵州省,安顺,0.0,4.0,0.0,4.0,0.0,520400.0,2020-07-10 00:23:07.127589
贵州省,黔西南州,0.0,4.0,0.0,4.0,0.0,522300.0,2020-07-10 00:23:07.127589
贵州省,境外输入,0.0,1.0,0.0,1.0,0.0,0.0,2020-07-10 00:23:07.127589
新疆维吾尔自治区,乌鲁木齐,0.0,23.0,0.0,23.0,0.0,650100.0,2020-07-10 00:23:07.127589
新疆维吾尔自治区,伊犁州,0.0,18.0,0.0,18.0,0.0,654000.0,2020-07-10 00:23:07.127589
新疆维吾尔自治区,兵团第四师,0.0,10.0,0.0,9.0,1.0,0.0,2020-07-10 00:23:07.127589
新疆维吾尔自治区,兵团第八师石河子市,0.0,4.0,0.0,3.0,1.0,0.0,2020-07-10 00:23:07.127589
新疆维吾尔自治区,兵团第九师,0.0,4.0,0.0,3.0,1.0,0.0,2020-07-10 00:23:07.127589
新疆维吾尔自治区,昌吉州,0.0,4.0,0.0,4.0,0.0,0.0,2020-07-10 00:23:07.127589
新疆维吾尔自治区,吐鲁番市,0.0,3.0,0.0,3.0,0.0,650400.0,2020-07-10 00:23:07.127589
新疆维吾尔自治区,巴州,0.0,3.0,0.0,3.0,0.0,511902.0,2020-07-10 00:23:07.127589
新疆维吾尔自治区,兵团第十二师,0.0,3.0,0.0,3.0,0.0,0.0,2020-07-10 00:23:07.127589
新疆维吾尔自治区,兵团第六师五家渠市,0.0,2.0,0.0,2.0,0.0,0.0,2020-07-10 00:23:07.127589
新疆维吾尔自治区,兵团第七师,0.0,1.0,0.0,1.0,0.0,0.0,2020-07-10 00:23:07.127589
新疆维吾尔自治区,阿克苏地区,0.0,1.0,0.0,1.0,0.0,652900.0,2020-07-10 00:23:07.127589
宁夏回族自治区,银川,0.0,36.0,0.0,36.0,0.0,640100.0,2020-07-10 00:23:07.127589
宁夏回族自治区,吴忠,0.0,28.0,0.0,28.0,0.0,640300.0,2020-07-10 00:23:07.127589
宁夏回族自治区,固原,0.0,5.0,0.0,5.0,0.0,640400.0,2020-07-10 00:23:07.127589
宁夏回族自治区,中卫,0.0,4.0,0.0,4.0,0.0,640500.0,2020-07-10 00:23:07.127589
宁夏回族自治区,宁东,0.0,1.0,0.0,1.0,0.0,0.0,2020-07-10 00:23:07.127589
宁夏回族自治区,石嘴山,0.0,1.0,0.0,1.0,0.0,640200.0,2020-07-10 00:23:07.127589
青海省,西宁,0.0,15.0,0.0,15.0,0.0,630100.0,2020-07-10 00:23:07.127589
青海省,海北州,0.0,3.0,0.0,3.0,0.0,632200.0,2020-07-10 00:23:07.127589
西藏自治区,拉萨,0.0,1.0,0.0,1.0,0.0,540100.0,2020-07-10 00:23:07.127589
